<KI xmlns="https://graphit.co/schemas/v2/KiSchema" ID="">
    <Title>Windows : Delete Todo Change Service Startup Type After Reboot</Title>
    <Description>Gowthami : ON - Windows TASK - It deletes the ToDo change service startup type OUTPUT - DecisionBasedOnChangeServiceStartupTypeAfterReboot</Description>
    <On>
        <Description/>
        <Var Mode="exists" Name="MachineClass" />
        <Var Mode="exists" Name="FQDN" />
    </On>
    <When>
        <Description/>
        <Var Mode="exists" Name="ChangeServiceTypeAfterReboot" />
        <Var Mode="gt" Name="ExecIdle" Value="5" />32
        <Var Mode="string" Name="PreviousStep" Value="StartWindowsService" />
    </When>
    <Do>
        <VarAdd Name="DecisionBasedOnChangeServiceStartupTypeAfterReboot" Value="${FQDN}" />
        <VarDelete Name="ChangeServiceTypeAfterReboot" />
    </Do>
</KI>